Type de modèle,MAE train,MAE test,MSE train,MSE test,RMSE train,RMSE test,Score train,Score test,R2 score
Gradient,10.101804550194094,373.00345474750225,19.313297355643396,12.278553336360165,628.8114051856016,25.076112242243646,0.9654593624693203,0.9423245118907382,0.9596341534334184
Decision Tree,13.850887927133586,829.3758233117702,28.798885799832085,15.912761046520473,1086.1596504458407,32.95693630248177,0.923198647827235,0.9003758718632677,0.9174520448759645
Ridge,52.65449597827409,5959.167978773271,77.19564740821383,52.608201011503375,5945.085715208461,77.10438194557078,0.4471265471171989,0.4600346337363961,0.44975366520862337
Lasso,52.653969745090194,5959.168198364358,77.19564883051608,52.60763107520051,5945.082359761901,77.10436018645055,0.4471265267442066,0.46003493849649835,0.4497537109752302
Linear,59.47800827696664,8899.434048942761,94.33681173827512,59.54720248735692,8957.114971186931,94.64203596281587,0.17590005722385393,0.17844050894480878,0.17654026305891946
RandomForest,17.22275056862734,1319.7617845232649,36.32852576864722,19.00871939818171,1598.4269062213507,39.98033149213936,0.8777882273049741,0.8533899810610424,0.8716449587883047
