"Caractéristiques",Importance
id_compteur,0.4902151312777144
heure,0.2802145196179984
week_end,0.04931030960274867
num_jour_semaine,0.04835740832300442
t,0.04754348316670901
num_semaine,0.033405503811047864
vacances,0.022371409593045746
mois,0.012659155742350747
soir,0.007614237999740031
pluvieux,0.005254360453429111
apres_midi,0.0023172549274146827
matin,0.0005837490141278646
nuit,0.0001534764706691218
