"Caractéristiques",Importance
id_compteur,0.5056854782164167
heure,0.2825413578482765
week_end,0.04786189553965757
num_jour_semaine,0.04357593804732778
t,0.0415290224165272
num_semaine,0.031420930029369167
vacances,0.021865452366123812
mois,0.0099229477337109
apres_midi,0.006926782691847384
pluvieux,0.004945912986878013
matin,0.0018993634808301969
soir,0.001760927933632534
nuit,6.399070940213097e-05
