"Caractéristiques",Importance
id_compteur,0.49024821295067117
heure,0.2978167597682364
num_jour_semaine,0.04888050452027845
t,0.04855136149906908
week_end,0.03414233000532402
num_semaine,0.03268613244453711
vacances,0.022846153932517512
mois,0.012466491888238259
pluvieux,0.005233901517732443
apres_midi,0.0038442428199577335
soir,0.002170855005180038
matin,0.0010642135315634678
nuit,4.884011669432887e-05
