max_depth,train_score,test_score
2,0.19289306519209515,0.1944184188066158
5,0.36436189639247896,0.36542170719424905
10,0.605922941978442,0.6060740581751258
15,0.8146047050839,0.7999099629834644
20,0.9406113259739756,0.9028071017592103
25,0.9798813685713376,0.9273507225698707
30,0.9890360493217831,0.9296822198599101
35,0.9899289810981956,0.9301094468557359
40,0.9902277354124251,0.9295010866262989
45,0.9902226889825795,0.9298325342617264
50,0.9900855161296268,0.92993904637619
